{
    "anchorpoints": [],
    "portpins": [
        {
            "name": "1",
            "position": [
                52.99999999999996,
                2.6645352591003757e-15,
                5.52366
            ],
            "rotation": [
                0.0,
                0.0,
                1.0,
                0.0,
                1.0,
                0.0,
                -1.0,
                -0.0,
                -0.0
            ]
        },
        {
            "name": "2",
            "position": [
                -26.49999999999998,
                45.899346400575226,
                5.523659999999999
            ],
            "rotation": [
                -2.961484663354611e-17,
                -1.709813967588732e-17,
                -1.0,
                0.8660254037844387,
                0.49999999999999983,
                -3.419627935177465e-17,
                0.49999999999999983,
                -0.8660254037844387,
                -3.0814879110195774e-33
            ]
        },
        {
            "name": "3",
            "position": [
                -26.500000000000004,
                -45.89934640057522,
                5.523659999999999
            ],
            "rotation": [
                0.0,
                0.0,
                1.0,
                0.8660254037844385,
                -0.5000000000000003,
                0.0,
                0.5000000000000003,
                0.8660254037844385,
                -0.0
            ]
        }
    ],
    "version": 6
}